order_flow_seed,final_marked_pnl
0,35.883714581818595
1,35.82110178701714
2,36.20832634026215
3,41.2620409220786
4,40.746490028572225
5,42.86555089350975
6,50.83628541818621
7,38.4531427090933
8,20.941469049353373
9,38.21371458181852
10,27.99204092207856
11,20.60073452467759
12,42.26350997143163
13,31.351101787016887
14,40.74000000000168
15,43.57130639740194
16,15.703142709094664
17,42.32350997143203
18,31.34371458181886
19,37.44889821298693
20,37.293877233771354
21,22.721469049355164
22,37.322408184417206
23,33.96555089350852
24,33.4600000000006
25,31.80649002857149
26,51.34853095064909
27,35.11204092207947
28,16.780734524677882
29,31.323877233771327
30,19.192408184417516
31,20.433142709095137
32,34.237591815586626
33,40.007959077926614
34,22.697959077925987
35,39.05110178701602
36,29.25722455324876
37,34.23963273766276
38,46.00036726233958
39,37.87518363117073
40,31.005918155847553
41,18.51036726233997
42,45.264816368831845
43,28.253877233771163
44,25.561469049355082
45,44.55240818441745
46,28.505918155847098
47,31.668693602601707
48,31.109265475325742
49,42.15204092207915
50,27.341101787015987
51,33.61240818441787
52,32.10853095064908
53,21.527224553248402
54,31.130367262339178
55,23.16963273766339
56,32.13795907792445
57,29.512775446753892
58,30.017224553249207
59,27.883509971431295
60,36.000734524677796
61,31.433877233770318
62,22.087224553247438
63,34.29350997143047
64,33.47240818441888
65,24.3196327376632
66,38.00146904935423
67,35.28685729091001
68,20.077591815586274
69,30.392408184416908
70,24.300734524677637
71,15.069632737664278
72,40.41649002857298
73,34.7561227662336
74,36.17832634026354
75,19.94926547532691
76,19.490367262338907
77,23.704816368832155
78,32.071101787015095
79,28.17832634026297
80,35.04889821298548
81,32.07685729090997
82,43.44722455324796
83,40.5424081844184
84,40.04481636883253
85,34.88628541818525
86,36.487959077924586
87,41.08853095064774
88,41.681469049354064
89,32.52759181558554
90,25.672408184416796
91,41.793877233769535
92,39.69685729090952
93,30.86387723376879
94,31.603877233770618
95,13.686285418183843
96,31.30628541818737
97,37.532775446756034
98,42.43000000000142
99,41.74889821298643
